{"records":[{"id":"recVEc2wrGs9rNV83","createdTime":"2023-11-23T20:43:56.000Z","fields":{"selected_daycare":["recdKeka8Cclu2R1x"],"infant":["reccdtWP8PrnNYruh"],"applicant_name":"謝玲巧","draft_created_date":"2023-10-30","applicant_id":"AP0001","draft_id":"recVEc2wrGs9rNV83","infant_name":["吳家瑋"],"selected_daycare_name":["南區國光國小社區公共托育家園"]}},{"id":"recio51WevqW8SBeH","createdTime":"2023-11-23T20:40:42.000Z","fields":{"selected_daycare":["recAJTCjLkeVtbGyH","recnc86qOR76xFQiR","recoeCg7nvkIwfaI9","recAEvhFthd6yHdeg"],"infant":["recrZaOhXNORuZ7YH"],"applicant_name":"謝玲巧","draft_created_date":"2023-11-14","applicant_id":"AP0001","draft_id":"recio51WevqW8SBeH","infant_name":["吳佳佳"],"selected_daycare_name":["公設民營東區大智國小托嬰中心","西屯社區公共托育家園","公設民營北區立人國中托嬰中心","公設民營梧棲三民托嬰中心"]}}]}